leaners,name
kanishka@mba2027stg.hbsstg.org,kanishka
wabele@mba2027stg.hbsstg.org,wabele
jadediran@mba2027stg.hbsstg.org,jadediran
aagarwal@mba2027stg.hbsstg.org,aagarwal
cbayne@mba2027stg.hbsstg.org,cbayne
jbehringer@mba2027stg.hbsstg.org,jbehringer
sbekhtereva@mba2027stg.hbsstg.org,sbekhtereva
jberghuis@mba2027stg.hbsstg.org,jberghuis
lbertozo@mba2027stg.hbsstg.org,lbertozo
jbertuzzi@mba2027stg.hbsstg.org,jbertuzzi
sbhattacharjee@mba2027stg.hbsstg.org,sbhattacharjee
pbhutani@mba2027stg.hbsstg.org,pbhutani
pboltan@mba2027stg.hbsstg.org,pboltan
lcarey@mba2027stg.hbsstg.org,lcarey
cchan@mba2027stg.hbsstg.org,cchan
dchauvin@mba2027stg.hbsstg.org,dchauvin
scheng@mba2027stg.hbsstg.org,scheng
schin@mba2027stg.hbsstg.org,schin
ccranley@mba2027stg.hbsstg.org,ccranley
mcrawford@mba2027stg.hbsstg.org,mcrawford
jdelasierra@mba2027stg.hbsstg.org,jdelasierra
sdeek@mba2027stg.hbsstg.org,sdeek
adhomecasanova@mba2027stg.hbsstg.org,adhomecasanova
idome@mba2027stg.hbsstg.org,idome
ddubey@mba2027stg.hbsstg.org,ddubey
selias@mba2027stg.hbsstg.org,selias
mescajadillo@mba2027stg.hbsstg.org,mescajadillo
rfavaro@mba2027stg.hbsstg.org,rfavaro
jfenner@mba2027stg.hbsstg.org,jfenner
dfinley@mba2027stg.hbsstg.org,dfinley
lflores@mba2027stg.hbsstg.org,lflores
mfrancis@mba2027stg.hbsstg.org,mfrancis
sfukasawa@mba2027stg.hbsstg.org,sfukasawa
ngarzagomez@mba2027stg.hbsstg.org,ngarzagomez
lge@mba2027stg.hbsstg.org,lge
cgeffs@mba2027stg.hbsstg.org,cgeffs
hgong@mba2027stg.hbsstg.org,hgong
egoodman@mba2027stg.hbsstg.org,egoodman
ngrant@mba2027stg.hbsstg.org,ngrant
ogurgel@mba2027stg.hbsstg.org,ogurgel
phaley@mba2027stg.hbsstg.org,phaley
shalperin@mba2027stg.hbsstg.org,shalperin
vhass@mba2027stg.hbsstg.org,vhass
aheise@mba2027stg.hbsstg.org,aheise
jhu@mba2027stg.hbsstg.org,jhu
aibarra@mba2027stg.hbsstg.org,aibarra
jjiang@mba2027stg.hbsstg.org,jjiang
ykim@mba2027stg.hbsstg.org,ykim
rkumar@mba2027stg.hbsstg.org,rkumar
slaporta@mba2027stg.hbsstg.org,slaporta
cleeissaranukul@mba2027stg.hbsstg.org,cleeissaranukul
glee@mba2027stg.hbsstg.org,glee
aleipold@mba2027stg.hbsstg.org,aleipold
ali@mba2027stg.hbsstg.org,ali
mlinton@mba2027stg.hbsstg.org,mlinton
jlu@mba2027stg.hbsstg.org,jlu
emallick@mba2027stg.hbsstg.org,emallick
rmanik@mba2027stg.hbsstg.org,rmanik
bmcnamara@mba2027stg.hbsstg.org,bmcnamara
lmin@mba2027stg.hbsstg.org,lmin
mmurphy@mba2027stg.hbsstg.org,mmurphy
rnarula@mba2027stg.hbsstg.org,rnarula
dneary@mba2027stg.hbsstg.org,dneary
sninsing@mba2027stg.hbsstg.org,sninsing
fogunyeye@mba2027stg.hbsstg.org,fogunyeye
nostersmith@mba2027stg.hbsstg.org,nostersmith
cpace@mba2027stg.hbsstg.org,cpace
mpacifici@mba2027stg.hbsstg.org,mpacifici
span@mba2027stg.hbsstg.org,span
bpatel@mba2027stg.hbsstg.org,bpatel
rprasad@mba2027stg.hbsstg.org,rprasad
rrahnejat@mba2027stg.hbsstg.org,rrahnejat
sricci@mba2027stg.hbsstg.org,sricci
prodriguezponga@mba2027stg.hbsstg.org,prodriguezponga
jromo@mba2027stg.hbsstg.org,jromo
nsanchezvargas@mba2027stg.hbsstg.org,nsanchezvargas
hsanghi@mba2027stg.hbsstg.org,hsanghi
asarrazin@mba2027stg.hbsstg.org,asarrazin
jschmidt@mba2027stg.hbsstg.org,jschmidt
asong@mba2027stg.hbsstg.org,asong
nsudiro@mba2027stg.hbsstg.org,nsudiro
etai@mba2027stg.hbsstg.org,etai
dtaylor@mba2027stg.hbsstg.org,dtaylor
atucker@mba2027stg.hbsstg.org,atucker
htuhtamishev@mba2027stg.hbsstg.org,htuhtamishev
ytzhori@mba2027stg.hbsstg.org,ytzhori
tuwase@mba2027stg.hbsstg.org,tuwase
nvaso@mba2027stg.hbsstg.org,nvaso
nvirani@mba2027stg.hbsstg.org,nvirani
mvissak@mba2027stg.hbsstg.org,mvissak
krwang@mba2027stg.hbsstg.org,krwang
pwilson@mba2027stg.hbsstg.org,pwilson
awoltjer@mba2027stg.hbsstg.org,awoltjer
exia@mba2027stg.hbsstg.org,exia
mzhang@mba2027stg.hbsstg.org,mzhang
iaguilarmalaga@mba2027stg.hbsstg.org,iaguilarmalaga
oahmad@mba2027stg.hbsstg.org,oahmad
panglarill@mba2027stg.hbsstg.org,panglarill
abaghel@mba2027stg.hbsstg.org,abaghel
rbagli@mba2027stg.hbsstg.org,rbagli
cbakshi@mba2027stg.hbsstg.org,cbakshi
vbottoli@mba2027stg.hbsstg.org,vbottoli
cbouyounes@mba2027stg.hbsstg.org,cbouyounes
mbreitbart@mba2027stg.hbsstg.org,mbreitbart
chbrown@mba2027stg.hbsstg.org,chbrown
fcabrera@mba2027stg.hbsstg.org,fcabrera
acawley@mba2027stg.hbsstg.org,acawley
amchen@mba2027stg.hbsstg.org,amchen
cchu@mba2027stg.hbsstg.org,cchu
ccollier@mba2027stg.hbsstg.org,ccollier
adiane@mba2027stg.hbsstg.org,adiane
adogruyol@mba2027stg.hbsstg.org,adogruyol
vduarte@mba2027stg.hbsstg.org,vduarte
oelabdouni@mba2027stg.hbsstg.org,oelabdouni
lfan@mba2027stg.hbsstg.org,lfan
jferrari@mba2027stg.hbsstg.org,jferrari
jferry@mba2027stg.hbsstg.org,jferry
wfield@mba2027stg.hbsstg.org,wfield
rfigueroa@mba2027stg.hbsstg.org,rfigueroa
jflorendo@mba2027stg.hbsstg.org,jflorendo
nfranco@mba2027stg.hbsstg.org,nfranco
ofriedman@mba2027stg.hbsstg.org,ofriedman
mgeagea@mba2027stg.hbsstg.org,mgeagea
bgoodfriend@mba2027stg.hbsstg.org,bgoodfriend
sgriffin@mba2027stg.hbsstg.org,sgriffin
agunasekar@mba2027stg.hbsstg.org,agunasekar
lromander@mba2027stg.hbsstg.org,lromander
thale@mba2027stg.hbsstg.org,thale
dharner@mba2027stg.hbsstg.org,dharner
zhassan@mba2027stg.hbsstg.org,zhassan
shattori@mba2027stg.hbsstg.org,shattori
jhawkins@mba2027stg.hbsstg.org,jhawkins
jherman@mba2027stg.hbsstg.org,jherman
kherron@mba2027stg.hbsstg.org,kherron
ihirmas@mba2027stg.hbsstg.org,ihirmas
sholland@mba2027stg.hbsstg.org,sholland
hjaved@mba2027stg.hbsstg.org,hjaved
tjohnson@mba2027stg.hbsstg.org,tjohnson
ajonckheere@mba2027stg.hbsstg.org,ajonckheere
akarmali@mba2027stg.hbsstg.org,akarmali
ikaur@mba2027stg.hbsstg.org,ikaur
bkeating@mba2027stg.hbsstg.org,bkeating
ckohlmeyer@mba2027stg.hbsstg.org,ckohlmeyer
slalor@mba2027stg.hbsstg.org,slalor
glara@mba2027stg.hbsstg.org,glara
alayman@mba2027stg.hbsstg.org,alayman
cali@mba2027stg.hbsstg.org,cali
dlimcaoco@mba2027stg.hbsstg.org,dlimcaoco
alingampalli@mba2027stg.hbsstg.org,alingampalli
skliu@mba2027stg.hbsstg.org,skliu
nmadan@mba2027stg.hbsstg.org,nmadan
jmicelotta@mba2027stg.hbsstg.org,jmicelotta
amiller@mba2027stg.hbsstg.org,amiller
kmotamedy@mba2027stg.hbsstg.org,kmotamedy
jmyles@mba2027stg.hbsstg.org,jmyles
pnair@mba2027stg.hbsstg.org,pnair
dngari@mba2027stg.hbsstg.org,dngari
anovikov@mba2027stg.hbsstg.org,anovikov
gpatel@mba2027stg.hbsstg.org,gpatel
pomalley@mba2027stg.hbsstg.org,pomalley
zpottow@mba2027stg.hbsstg.org,zpottow
apreetham@mba2027stg.hbsstg.org,apreetham
rrhyner@mba2027stg.hbsstg.org,rrhyner
vshroff@mba2027stg.hbsstg.org,vshroff
smsingh@mba2027stg.hbsstg.org,smsingh
ksmiley@mba2027stg.hbsstg.org,ksmiley
hstark@mba2027stg.hbsstg.org,hstark
dstein@mba2027stg.hbsstg.org,dstein
sstone@mba2027stg.hbsstg.org,sstone
tstotzer@mba2027stg.hbsstg.org,tstotzer
lszczerbinski@mba2027stg.hbsstg.org,lszczerbinski
amtan@mba2027stg.hbsstg.org,amtan
atata@mba2027stg.hbsstg.org,atata
bthenappan@mba2027stg.hbsstg.org,bthenappan
nthomas@mba2027stg.hbsstg.org,nthomas
rvalente@mba2027stg.hbsstg.org,rvalente
lvalle@mba2027stg.hbsstg.org,lvalle
dvedova@mba2027stg.hbsstg.org,dvedova
ywadhwa@mba2027stg.hbsstg.org,ywadhwa
annwang@mba2027stg.hbsstg.org,annwang
tvierma@mba2027stg.hbsstg.org,tvierma
yxie@mba2027stg.hbsstg.org,yxie
axu@mba2027stg.hbsstg.org,axu
nyeh@mba2027stg.hbsstg.org,nyeh
azaoui@mba2027stg.hbsstg.org,azaoui
nzevallos@mba2027stg.hbsstg.org,nzevallos
blzhang@mba2027stg.hbsstg.org,blzhang
malbastaki@mba2027stg.hbsstg.org,malbastaki
tarora@mba2027stg.hbsstg.org,tarora
fatwa@mba2027stg.hbsstg.org,fatwa
abaeta@mba2027stg.hbsstg.org,abaeta
mbansal@mba2027stg.hbsstg.org,mbansal
mbaumbach@mba2027stg.hbsstg.org,mbaumbach
jbaur@mba2027stg.hbsstg.org,jbaur
lbellamy@mba2027stg.hbsstg.org,lbellamy
dberntson@mba2027stg.hbsstg.org,dberntson
nberry@mba2027stg.hbsstg.org,nberry
ablack@mba2027stg.hbsstg.org,ablack
mbrowdy@mba2027stg.hbsstg.org,mbrowdy
fcernada@mba2027stg.hbsstg.org,fcernada
xchang@mba2027stg.hbsstg.org,xchang
annchen@mba2027stg.hbsstg.org,annchen
vchoday@mba2027stg.hbsstg.org,vchoday
jcozby@mba2027stg.hbsstg.org,jcozby
dcrane@mba2027stg.hbsstg.org,dcrane
sdas@mba2027stg.hbsstg.org,sdas
jdaughtrey@mba2027stg.hbsstg.org,jdaughtrey
gldjayep@mba2027stg.hbsstg.org,gldjayep
celhachem@mba2027stg.hbsstg.org,celhachem
ifernandez@mba2027stg.hbsstg.org,ifernandez
mfine@mba2027stg.hbsstg.org,mfine
jfinn@mba2027stg.hbsstg.org,jfinn
mfyrigoukoulouri@mba2027stg.hbsstg.org,mfyrigoukoulouri
egalvan@mba2027stg.hbsstg.org,egalvan
ngegin@mba2027stg.hbsstg.org,ngegin
tglasgow@mba2027stg.hbsstg.org,tglasgow
agomezjordana@mba2027stg.hbsstg.org,agomezjordana
rgonsalves@mba2027stg.hbsstg.org,rgonsalves
pguttierrez@mba2027stg.hbsstg.org,pguttierrez
hhannecart@mba2027stg.hbsstg.org,hhannecart
lharris@mba2027stg.hbsstg.org,lharris
ahernandezbalderas@mba2027stg.hbsstg.org,ahernandezbalderas
nholbrook@mba2027stg.hbsstg.org,nholbrook
khu@mba2027stg.hbsstg.org,khu
kjain@mba2027stg.hbsstg.org,kjain
cjohnson@mba2027stg.hbsstg.org,cjohnson
tkarozichian@mba2027stg.hbsstg.org,tkarozichian
akirschenbauer@mba2027stg.hbsstg.org,akirschenbauer
okrawitt@mba2027stg.hbsstg.org,okrawitt
ekulow@mba2027stg.hbsstg.org,ekulow
glecalvez@mba2027stg.hbsstg.org,glecalvez
juli@mba2027stg.hbsstg.org,juli
plitonjua@mba2027stg.hbsstg.org,plitonjua
tlu@mba2027stg.hbsstg.org,tlu
rlyons@mba2027stg.hbsstg.org,rlyons
smargolis@mba2027stg.hbsstg.org,smargolis
smargozzini@mba2027stg.hbsstg.org,smargozzini
mmastromarco@mba2027stg.hbsstg.org,mmastromarco
smehrotra@mba2027stg.hbsstg.org,smehrotra
jcmoubarak@mba2027stg.hbsstg.org,jcmoubarak
lmthenjana@mba2027stg.hbsstg.org,lmthenjana
ymukai@mba2027stg.hbsstg.org,ymukai
dnie@mba2027stg.hbsstg.org,dnie
cobrien@mba2027stg.hbsstg.org,cobrien
aoyelese@mba2027stg.hbsstg.org,aoyelese
nozawa@mba2027stg.hbsstg.org,nozawa
spantuso@mba2027stg.hbsstg.org,spantuso
aparwal@mba2027stg.hbsstg.org,aparwal
gpathak@mba2027stg.hbsstg.org,gpathak
npina@mba2027stg.hbsstg.org,npina
jpuri@mba2027stg.hbsstg.org,jpuri
tramesh@mba2027stg.hbsstg.org,tramesh
rrossman@mba2027stg.hbsstg.org,rrossman
asantangelo@mba2027stg.hbsstg.org,asantangelo
hschipke@mba2027stg.hbsstg.org,hschipke
qschwartz@mba2027stg.hbsstg.org,qschwartz
hseo@mba2027stg.hbsstg.org,hseo
psevier@mba2027stg.hbsstg.org,psevier
soshah@mba2027stg.hbsstg.org,soshah
asheth@mba2027stg.hbsstg.org,asheth
fshokry@mba2027stg.hbsstg.org,fshokry
ssiddiqui@mba2027stg.hbsstg.org,ssiddiqui
jsilva@mba2027stg.hbsstg.org,jsilva
isasingh@mba2027stg.hbsstg.org,isasingh
hsmith@mba2027stg.hbsstg.org,hsmith
asuwardi@mba2027stg.hbsstg.org,asuwardi
msvoren@mba2027stg.hbsstg.org,msvoren
vtaepaisitphongse@mba2027stg.hbsstg.org,vtaepaisitphongse
ktruong@mba2027stg.hbsstg.org,ktruong
ntruwit@mba2027stg.hbsstg.org,ntruwit
aturriago@mba2027stg.hbsstg.org,aturriago
aupadhyay@mba2027stg.hbsstg.org,aupadhyay
dvaldes@mba2027stg.hbsstg.org,dvaldes
jawang@mba2027stg.hbsstg.org,jawang
jworden@mba2027stg.hbsstg.org,jworden
myu@mba2027stg.hbsstg.org,myu
jzarrilli@mba2027stg.hbsstg.org,jzarrilli
szhao@mba2027stg.hbsstg.org,szhao
azucker@mba2027stg.hbsstg.org,azucker
mzuleta@mba2027stg.hbsstg.org,mzuleta
aaguero@mba2027stg.hbsstg.org,aaguero
dalanisgarza@mba2027stg.hbsstg.org,dalanisgarza
aali@mba2027stg.hbsstg.org,aali
latkins@mba2027stg.hbsstg.org,latkins
paydindag@mba2027stg.hbsstg.org,paydindag
jbae@mba2027stg.hbsstg.org,jbae
ibakhareva@mba2027stg.hbsstg.org,ibakhareva
pbharadwaj@mba2027stg.hbsstg.org,pbharadwaj
gbrannock@mba2027stg.hbsstg.org,gbrannock
tbrockman@mba2027stg.hbsstg.org,tbrockman
mibrown@mba2027stg.hbsstg.org,mibrown
pcaetano@mba2027stg.hbsstg.org,pcaetano
tcahn@mba2027stg.hbsstg.org,tcahn
vacai@mba2027stg.hbsstg.org,vacai
mcatalano@mba2027stg.hbsstg.org,mcatalano
pcatlett@mba2027stg.hbsstg.org,pcatlett
achattopadhyay@mba2027stg.hbsstg.org,achattopadhyay
pchen@mba2027stg.hbsstg.org,pchen
scimmet@mba2027stg.hbsstg.org,scimmet
pdamrongsiri@mba2027stg.hbsstg.org,pdamrongsiri
pdegaiffier@mba2027stg.hbsstg.org,pdegaiffier
rdelallerakurth@mba2027stg.hbsstg.org,rdelallerakurth
jdeveau@mba2027stg.hbsstg.org,jdeveau
vdillon@mba2027stg.hbsstg.org,vdillon
ndivito@mba2027stg.hbsstg.org,ndivito
sduggirala@mba2027stg.hbsstg.org,sduggirala
efan@mba2027stg.hbsstg.org,efan
cfernandezgallardo@mba2027stg.hbsstg.org,cfernandezgallardo
zgant@mba2027stg.hbsstg.org,zgant
cgeary@mba2027stg.hbsstg.org,cgeary
agomez@mba2027stg.hbsstg.org,agomez
pgonzalez@mba2027stg.hbsstg.org,pgonzalez
jgreene@mba2027stg.hbsstg.org,jgreene
asgupta@mba2027stg.hbsstg.org,asgupta
jgutierrez@mba2027stg.hbsstg.org,jgutierrez
aharris@mba2027stg.hbsstg.org,aharris
ihenry@mba2027stg.hbsstg.org,ihenry
ahufford@mba2027stg.hbsstg.org,ahufford
hhuh@mba2027stg.hbsstg.org,hhuh
jilisoi@mba2027stg.hbsstg.org,jilisoi
bjeje@mba2027stg.hbsstg.org,bjeje
ajohar@mba2027stg.hbsstg.org,ajohar
kklinsky@mba2027stg.hbsstg.org,kklinsky
skrohn@mba2027stg.hbsstg.org,skrohn
kkumar@mba2027stg.hbsstg.org,kkumar
akunna@mba2027stg.hbsstg.org,akunna
clee@mba2027stg.hbsstg.org,clee
jalee@mba2027stg.hbsstg.org,jalee
jolee@mba2027stg.hbsstg.org,jolee
dlim@mba2027stg.hbsstg.org,dlim
lliu@mba2027stg.hbsstg.org,lliu
llombard@mba2027stg.hbsstg.org,llombard
imacenka@mba2027stg.hbsstg.org,imacenka
mmalloy@mba2027stg.hbsstg.org,mmalloy
amartinez@mba2027stg.hbsstg.org,amartinez
mmehta@mba2027stg.hbsstg.org,mmehta
jmenezes@mba2027stg.hbsstg.org,jmenezes
kmin@mba2027stg.hbsstg.org,kmin
amishra@mba2027stg.hbsstg.org,amishra
amorenogarcia@mba2027stg.hbsstg.org,amorenogarcia
amornto@mba2027stg.hbsstg.org,amornto
imuhammad@mba2027stg.hbsstg.org,imuhammad
zmurphy@mba2027stg.hbsstg.org,zmurphy
mnourallah@mba2027stg.hbsstg.org,mnourallah
podea@mba2027stg.hbsstg.org,podea
yowatari@mba2027stg.hbsstg.org,yowatari
apapalexopoulos@mba2027stg.hbsstg.org,apapalexopoulos
apatel@mba2027stg.hbsstg.org,apatel
rpaver@mba2027stg.hbsstg.org,rpaver
mpires@mba2027stg.hbsstg.org,mpires
orached@mba2027stg.hbsstg.org,orached
areddy@mba2027stg.hbsstg.org,areddy
groberts@mba2027stg.hbsstg.org,groberts
jsalloum@mba2027stg.hbsstg.org,jsalloum
dschwartz@mba2027stg.hbsstg.org,dschwartz
mshriber@mba2027stg.hbsstg.org,mshriber
msobota@mba2027stg.hbsstg.org,msobota
wsorenson@mba2027stg.hbsstg.org,wsorenson
mtahsin@mba2027stg.hbsstg.org,mtahsin
ctananbaum@mba2027stg.hbsstg.org,ctananbaum
sthompson@mba2027stg.hbsstg.org,sthompson
atomsho@mba2027stg.hbsstg.org,atomsho
mtse@mba2027stg.hbsstg.org,mtse
ityagi@mba2027stg.hbsstg.org,ityagi
hanwang@mba2027stg.hbsstg.org,hanwang
mwillis@mba2027stg.hbsstg.org,mwillis
twinandy@mba2027stg.hbsstg.org,twinandy
jwoodard@mba2027stg.hbsstg.org,jwoodard
owynn@mba2027stg.hbsstg.org,owynn
ryauney@mba2027stg.hbsstg.org,ryauney
nyoung@mba2027stg.hbsstg.org,nyoung
jyu@mba2027stg.hbsstg.org,jyu
atzhang@mba2027stg.hbsstg.org,atzhang
czhu@mba2027stg.hbsstg.org,czhu
aabdallah@mba2027stg.hbsstg.org,aabdallah
iabusharkh@mba2027stg.hbsstg.org,iabusharkh
iagarwal@mba2027stg.hbsstg.org,iagarwal
aaksoy@mba2027stg.hbsstg.org,aaksoy
abang@mba2027stg.hbsstg.org,abang
rbrahmal@mba2027stg.hbsstg.org,rbrahmal
abreun@mba2027stg.hbsstg.org,abreun
ncancino@mba2027stg.hbsstg.org,ncancino
andchen@mba2027stg.hbsstg.org,andchen
bcosoi@mba2027stg.hbsstg.org,bcosoi
aczyzewski@mba2027stg.hbsstg.org,aczyzewski
mdaloisiomontilla@mba2027stg.hbsstg.org,mdaloisiomontilla
cdaniel@mba2027stg.hbsstg.org,cdaniel
adas@mba2027stg.hbsstg.org,adas
jdealbornoz@mba2027stg.hbsstg.org,jdealbornoz
jdibble@mba2027stg.hbsstg.org,jdibble
yfang@mba2027stg.hbsstg.org,yfang
sfisch@mba2027stg.hbsstg.org,sfisch
rfreudenberg@mba2027stg.hbsstg.org,rfreudenberg
dgao@mba2027stg.hbsstg.org,dgao
tgraham@mba2027stg.hbsstg.org,tgraham
kgrover@mba2027stg.hbsstg.org,kgrover
sgunty@mba2027stg.hbsstg.org,sgunty
ihasan@mba2027stg.hbsstg.org,ihasan
mhassani@mba2027stg.hbsstg.org,mhassani
lhicks@mba2027stg.hbsstg.org,lhicks
khiryur@mba2027stg.hbsstg.org,khiryur
jhooley@mba2027stg.hbsstg.org,jhooley
vhu@mba2027stg.hbsstg.org,vhu
fhuang@mba2027stg.hbsstg.org,fhuang
jhunsicker@mba2027stg.hbsstg.org,jhunsicker
yilawole@mba2027stg.hbsstg.org,yilawole
kito@mba2027stg.hbsstg.org,kito
ajasthi@mba2027stg.hbsstg.org,ajasthi
jjung@mba2027stg.hbsstg.org,jjung
lkady@mba2027stg.hbsstg.org,lkady
gkailas@mba2028.hbs.edu,gkailas
nkapoor@mba2027stg.hbsstg.org,nkapoor
gkatayama@mba2027stg.hbsstg.org,gkatayama
dkumar@mba2027stg.hbsstg.org,dkumar
llandis@mba2027stg.hbsstg.org,llandis
mlechtman@mba2027stg.hbsstg.org,mlechtman
klee@mba2027stg.hbsstg.org,klee
tliaskas@mba2027stg.hbsstg.org,tliaskas
jalin@mba2027stg.hbsstg.org,jalin
alizan@mba2027stg.hbsstg.org,alizan
zmadhavan@mba2027stg.hbsstg.org,zmadhavan
smaini@mba2027stg.hbsstg.org,smaini
dmargulies@mba2027stg.hbsstg.org,dmargulies
aalmarri@mba2027stg.hbsstg.org,aalmarri
kmedicherla@mba2027stg.hbsstg.org,kmedicherla
jmekhael@mba2027stg.hbsstg.org,jmekhael
smoukaddem@mba2027stg.hbsstg.org,smoukaddem
kmyers@mba2027stg.hbsstg.org,kmyers
jnadel@mba2027stg.hbsstg.org,jnadel
anagarajan@mba2027stg.hbsstg.org,anagarajan
mneiswander@mba2027stg.hbsstg.org,mneiswander
rnguyen@mba2027stg.hbsstg.org,rnguyen
cpappey@mba2027stg.hbsstg.org,cpappey
kpark@mba2027stg.hbsstg.org,kpark
lpetermeijer@mba2027stg.hbsstg.org,lpetermeijer
cpeterson@mba2027stg.hbsstg.org,cpeterson
arafatjoo@mba2027stg.hbsstg.org,arafatjoo
hramsden@mba2027stg.hbsstg.org,hramsden
brivera@mba2027stg.hbsstg.org,brivera
jrizk@mba2027stg.hbsstg.org,jrizk
irobertsonlavalle@mba2027stg.hbsstg.org,irobertsonlavalle
lrodriguez@mba2027stg.hbsstg.org,lrodriguez
nroxbury@mba2027stg.hbsstg.org,nroxbury
aschmitt@mba2027stg.hbsstg.org,aschmitt
jsha@mba2027stg.hbsstg.org,jsha
cshepherd@mba2027stg.hbsstg.org,cshepherd
csherbal@mba2027stg.hbsstg.org,csherbal
eshinkle@mba2027stg.hbsstg.org,eshinkle
ashort@mba2027stg.hbsstg.org,ashort
msimon@mba2027stg.hbsstg.org,msimon
rsimon@mba2027stg.hbsstg.org,rsimon
jsinco@mba2027stg.hbsstg.org,jsinco
shsingh@mba2027stg.hbsstg.org,shsingh
cspofford@mba2027stg.hbsstg.org,cspofford
gsununu@mba2027stg.hbsstg.org,gsununu
esylvester@mba2027stg.hbsstg.org,esylvester
mtamming@mba2027stg.hbsstg.org,mtamming
abtan@mba2027stg.hbsstg.org,abtan
ktantia@mba2027stg.hbsstg.org,ktantia
etashma@mba2027stg.hbsstg.org,etashma
mthompson@mba2027stg.hbsstg.org,mthompson
atong@mba2027stg.hbsstg.org,atong
dtribull@mba2027stg.hbsstg.org,dtribull
jewang@mba2029.hbs.edu,jewang
owesche@mba2027stg.hbsstg.org,owesche
awilson@mba2027stg.hbsstg.org,awilson
dwornow@mba2027stg.hbsstg.org,dwornow
cazhang@mba2027stg.hbsstg.org,cazhang
shiaggarwal@mba2027stg.hbsstg.org,shiaggarwal
malaraimi@mba2027stg.hbsstg.org,malaraimi
salhameli@mba2027stg.hbsstg.org,salhameli
javerbach@mba2027stg.hbsstg.org,javerbach
tbacon@mba2027stg.hbsstg.org,tbacon
abai@mba2027stg.hbsstg.org,abai
tbenner@mba2027stg.hbsstg.org,tbenner
rbergholcs@mba2027stg.hbsstg.org,rbergholcs
jbillett@mba2027stg.hbsstg.org,jbillett
dbobyn@mba2027stg.hbsstg.org,dbobyn
tbradley@mba2027stg.hbsstg.org,tbradley
mbredemeier@mba2027stg.hbsstg.org,mbredemeier
aburgdoerfer@mba2027stg.hbsstg.org,aburgdoerfer
vicai@mba2027stg.hbsstg.org,vicai
bcamp@mba2027stg.hbsstg.org,bcamp
cchang@mba2027stg.hbsstg.org,cchang
cchauhan@mba2027stg.hbsstg.org,cchauhan
rchen@mba2027stg.hbsstg.org,rchen
echomley@mba2027stg.hbsstg.org,echomley
scohen@mba2027stg.hbsstg.org,scohen
jcosta@mba2027stg.hbsstg.org,jcosta
jcove@mba2027stg.hbsstg.org,jcove
dcui@mba2027stg.hbsstg.org,dcui
adahir@mba2027stg.hbsstg.org,adahir
cdamodaran@mba2027stg.hbsstg.org,cdamodaran
sdhankhar@mba2027stg.hbsstg.org,sdhankhar
mdo@mba2027stg.hbsstg.org,mdo
desquivel@mba2027stg.hbsstg.org,desquivel
tfasawe@mba2027stg.hbsstg.org,tfasawe
efortson@mba2027stg.hbsstg.org,efortson
sfuller@mba2027stg.hbsstg.org,sfuller
sgabrielson@mba2027stg.hbsstg.org,sgabrielson
agodin@mba2027stg.hbsstg.org,agodin
pgoenka@mba2027stg.hbsstg.org,pgoenka
tgomez@mba2027stg.hbsstg.org,tgomez
jgorji@mba2027stg.hbsstg.org,jgorji
ahernandezreguera@mba2027stg.hbsstg.org,ahernandezreguera
shollinger@mba2027stg.hbsstg.org,shollinger
aind@mba2027stg.hbsstg.org,aind
njain@mba2027stg.hbsstg.org,njain
sjain@mba2027stg.hbsstg.org,sjain
zkagalwalla@mba2027stg.hbsstg.org,zkagalwalla
akancharla@mba2027stg.hbsstg.org,akancharla
kkellyhooks@mba2027stg.hbsstg.org,kkellyhooks
dkoch@mba2027stg.hbsstg.org,dkoch
ckoeppen@mba2027stg.hbsstg.org,ckoeppen
pkonstantellou@mba2027stg.hbsstg.org,pkonstantellou
skumar@mba2027stg.hbsstg.org,skumar
jladronis@mba2027stg.hbsstg.org,jladronis
clli@mba2027stg.hbsstg.org,clli
jolin@mba2027stg.hbsstg.org,jolin
stliu@mba2027stg.hbsstg.org,stliu
alowrance@mba2027stg.hbsstg.org,alowrance
nmaynenicholls@mba2027stg.hbsstg.org,nmaynenicholls
xmcclinton@mba2027stg.hbsstg.org,xmcclinton
cmccormack@mba2027stg.hbsstg.org,cmccormack
hmenser@mba2027stg.hbsstg.org,hmenser
kmiller@mba2027stg.hbsstg.org,kmiller
amott@mba2027stg.hbsstg.org,amott
mna@mba2027stg.hbsstg.org,mna
dnekkanti@mba2027stg.hbsstg.org,dnekkanti
lnowlan@mba2027stg.hbsstg.org,lnowlan
nondovcsik@mba2027stg.hbsstg.org,nondovcsik
jipark@mba2027stg.hbsstg.org,jipark
vpatel@mba2027stg.hbsstg.org,vpatel
apathak@mba2027stg.hbsstg.org,apathak
cpatton@mba2027stg.hbsstg.org,cpatton
nravulapalli@mba2027stg.hbsstg.org,nravulapalli
proasa@mba2027stg.hbsstg.org,proasa
srocheford@mba2027stg.hbsstg.org,srocheford
mschlaff@mba2027stg.hbsstg.org,mschlaff
dschmaier@mba2027stg.hbsstg.org,dschmaier
mshang@mba2027stg.hbsstg.org,mshang
bsilverstein@mba2027stg.hbsstg.org,bsilverstein
skssingh@mba2027stg.hbsstg.org,skssingh
mslovin@mba2027stg.hbsstg.org,mslovin
asoewito@mba2027stg.hbsstg.org,asoewito
msorbaro@mba2027stg.hbsstg.org,msorbaro
jsouto@mba2027stg.hbsstg.org,jsouto
nstrong@mba2027stg.hbsstg.org,nstrong
jtian@mba2027stg.hbsstg.org,jtian
jtong@mba2027stg.hbsstg.org,jtong
jtroelstra@mba2027stg.hbsstg.org,jtroelstra
ctruett@mba2027stg.hbsstg.org,ctruett
jefwang@mba2027stg.hbsstg.org,jefwang
bwhite@mba2027stg.hbsstg.org,bwhite
swillis@mba2027stg.hbsstg.org,swillis
ewinston@mba2027stg.hbsstg.org,ewinston
mwitalec@mba2027stg.hbsstg.org,mwitalec
kyang@mba2027stg.hbsstg.org,kyang
jyen@mba2027stg.hbsstg.org,jyen
alzhang@mba2027stg.hbsstg.org,alzhang
jziller@mba2027stg.hbsstg.org,jziller
shbaggarwal@mba2027stg.hbsstg.org,shbaggarwal
magrawal@mba2027stg.hbsstg.org,magrawal
malexandrina@mba2027stg.hbsstg.org,malexandrina
rali@mba2027stg.hbsstg.org,rali
lantillon@mba2027stg.hbsstg.org,lantillon
marshad@mba2027stg.hbsstg.org,marshad
jartaza@mba2027stg.hbsstg.org,jartaza
mattard@mba2027stg.hbsstg.org,mattard
rayloush@mba2027stg.hbsstg.org,rayloush
jbacchus@mba2028.hbs.edu,jbacchus
abagla@mba2027stg.hbsstg.org,abagla
abei@mba2027stg.hbsstg.org,abei
bbilbao@mba2027stg.hbsstg.org,bbilbao
mboykin@mba2027stg.hbsstg.org,mboykin
hbracher@mba2027stg.hbsstg.org,hbracher
gbraglia@mba2027stg.hbsstg.org,gbraglia
ebrooks@mba2027stg.hbsstg.org,ebrooks
tbui@mba2027stg.hbsstg.org,tbui
jcabarrus@mba2027stg.hbsstg.org,jcabarrus
zchandra@mba2027stg.hbsstg.org,zchandra
jchintham@mba2027stg.hbsstg.org,jchintham
rcivalleri@mba2027stg.hbsstg.org,rcivalleri
jcullen@mba2027stg.hbsstg.org,jcullen
wdavis@mba2027stg.hbsstg.org,wdavis
rdiazgranados@mba2027stg.hbsstg.org,rdiazgranados
edurazo@mba2027stg.hbsstg.org,edurazo
mfellah@mba2027stg.hbsstg.org,mfellah
afu@mba2027stg.hbsstg.org,afu
afukudalam@mba2027stg.hbsstg.org,afukudalam
kgan@mba2027stg.hbsstg.org,kgan
egerrard@mba2027stg.hbsstg.org,egerrard
fgherbi@mba2027stg.hbsstg.org,fgherbi
chan@mba2027stg.hbsstg.org,chan
aherath@mba2027stg.hbsstg.org,aherath
bhu@mba2027stg.hbsstg.org,bhu
ajagasia@mba2027stg.hbsstg.org,ajagasia
sjagwani@mba2027stg.hbsstg.org,sjagwani
kjaroudi@mba2027stg.hbsstg.org,kjaroudi
rkamdar@mba2027stg.hbsstg.org,rkamdar
dkang@mba2027stg.hbsstg.org,dkang
dkaria@mba2027stg.hbsstg.org,dkaria
jkirsch@mba2027stg.hbsstg.org,jkirsch
nkoduri@mba2027stg.hbsstg.org,nkoduri
mkozak@mba2027stg.hbsstg.org,mkozak
mkumakura@mba2027stg.hbsstg.org,mkumakura
mlee@mba2027stg.hbsstg.org,mlee
jlerner@mba2027stg.hbsstg.org,jlerner
klevy@mba2027stg.hbsstg.org,klevy
alieberman@mba2027stg.hbsstg.org,alieberman
rlivingston@mba2027stg.hbsstg.org,rlivingston
sluna@mba2027stg.hbsstg.org,sluna
dmachen@mba2027stg.hbsstg.org,dmachen
emakridi@mba2027stg.hbsstg.org,emakridi
tmangini@mba2027stg.hbsstg.org,tmangini
zmccollum@mba2027stg.hbsstg.org,zmccollum
ameadows@mba2027stg.hbsstg.org,ameadows
cmorenocova@mba2027stg.hbsstg.org,cmorenocova
anair@mba2027stg.hbsstg.org,anair
jnathanson@mba2027stg.hbsstg.org,jnathanson
lnewman@mba2027stg.hbsstg.org,lnewman
cnoll@mba2027stg.hbsstg.org,cnoll
doruwariye@mba2027stg.hbsstg.org,doruwariye
oott@mba2027stg.hbsstg.org,oott
npanholzer@mba2027stg.hbsstg.org,npanholzer
apellicer@mba2027stg.hbsstg.org,apellicer
cpetersmeyer@mba2027stg.hbsstg.org,cpetersmeyer
jpigott@mba2027stg.hbsstg.org,jpigott
apoddar@mba2027stg.hbsstg.org,apoddar
jprobert@mba2027stg.hbsstg.org,jprobert
rram@mba2027stg.hbsstg.org,rram
drawal@mba2027stg.hbsstg.org,drawal
arice@mba2027stg.hbsstg.org,arice
sriverakorver@mba2027stg.hbsstg.org,sriverakorver
pryan@mba2027stg.hbsstg.org,pryan
lsaid@mba2027stg.hbsstg.org,lsaid
mschrader@mba2027stg.hbsstg.org,mschrader
jschwabach@mba2027stg.hbsstg.org,jschwabach
hschwager@mba2027stg.hbsstg.org,hschwager
hsivakumar@mba2027stg.hbsstg.org,hsivakumar
ssommer@mba2027stg.hbsstg.org,ssommer
msoni@mba2027stg.hbsstg.org,msoni
rteo@mba2027stg.hbsstg.org,rteo
ltisch@mba2027stg.hbsstg.org,ltisch
stodd@mba2027stg.hbsstg.org,stodd
mubinas@mba2027stg.hbsstg.org,mubinas
svanegaspulido@mba2027stg.hbsstg.org,svanegaspulido
kiwang@mba2027stg.hbsstg.org,kiwang
cwardle@mba2027stg.hbsstg.org,cwardle
hwhitney@mba2027stg.hbsstg.org,hwhitney
jwoods@mba2027stg.hbsstg.org,jwoods
cxi@mba2027stg.hbsstg.org,cxi
oxu@mba2027stg.hbsstg.org,oxu
bezhang@mba2027stg.hbsstg.org,bezhang
zzhu@mba2027stg.hbsstg.org,zzhu
fzurita@mba2027stg.hbsstg.org,fzurita
kabdo@mba2027stg.hbsstg.org,kabdo
jali@mba2027stg.hbsstg.org,jali
talli@mba2027stg.hbsstg.org,talli
lalmadasabate@mba2027stg.hbsstg.org,lalmadasabate
salvarezflorian@mba2027stg.hbsstg.org,salvarezflorian
mberbari@mba2027stg.hbsstg.org,mberbari
pbowers@mba2027stg.hbsstg.org,pbowers
scarbone@mba2027stg.hbsstg.org,scarbone
schagarlamudi@mba2027stg.hbsstg.org,schagarlamudi
kchai@mba2027stg.hbsstg.org,kchai
lma@mba2027stg.hbsstg.org,lma
dchen@mba2027stg.hbsstg.org,dchen
cchhatwal@mba2027stg.hbsstg.org,cchhatwal
cchou@mba2027stg.hbsstg.org,cchou
mcronin@mba2027stg.hbsstg.org,mcronin
adhakras@mba2027stg.hbsstg.org,adhakras
rdiazdelcastillo@mba2027stg.hbsstg.org,rdiazdelcastillo
cdriscoll@mba2027stg.hbsstg.org,cdriscoll
celkin@mba2027stg.hbsstg.org,celkin
lemmi@mba2027stg.hbsstg.org,lemmi
sfernandez@mba2027stg.hbsstg.org,sfernandez
mfitaihi@mba2027stg.hbsstg.org,mfitaihi
dfolami@mba2027stg.hbsstg.org,dfolami
mfuica@mba2027stg.hbsstg.org,mfuica
egalasso@mba2027stg.hbsstg.org,egalasso
lgreenhill@mba2027stg.hbsstg.org,lgreenhill
angupta@mba2027stg.hbsstg.org,angupta
aguzzetta@mba2027stg.hbsstg.org,aguzzetta
rhazan@mba2027stg.hbsstg.org,rhazan
phostone@mba2027stg.hbsstg.org,phostone
nhoughton@mba2027stg.hbsstg.org,nhoughton
oigbokwe@mba2027stg.hbsstg.org,oigbokwe
aikezawa@mba2027stg.hbsstg.org,aikezawa
mjohnson@mba2027stg.hbsstg.org,mjohnson
mkarthikeyan@mba2027stg.hbsstg.org,mkarthikeyan
dkaushik@mba2027stg.hbsstg.org,dkaushik
skhatri@mba2027stg.hbsstg.org,skhatri
fklomp@mba2027stg.hbsstg.org,fklomp
ckralik@mba2027stg.hbsstg.org,ckralik
kkrzanich@mba2027stg.hbsstg.org,kkrzanich
tkuehn@mba2027stg.hbsstg.org,tkuehn
mlabanowski@mba2027stg.hbsstg.org,mlabanowski
aleboterff@mba2027stg.hbsstg.org,aleboterff
rlellis@mba2027stg.hbsstg.org,rlellis
dlerner@mba2027stg.hbsstg.org,dlerner
hliaw@mba2027stg.hbsstg.org,hliaw
mlowe@mba2027stg.hbsstg.org,mlowe
ylu@mba2027stg.hbsstg.org,ylu
gmadan@mba2027stg.hbsstg.org,gmadan
amaddalone@mba2027stg.hbsstg.org,amaddalone
ameckel@mba2027stg.hbsstg.org,ameckel
mmiguez@mba2027stg.hbsstg.org,mmiguez
gmorgan@mba2027stg.hbsstg.org,gmorgan
rmotwani@mba2027stg.hbsstg.org,rmotwani
lmyer@mba2027stg.hbsstg.org,lmyer
lnelligan@mba2027stg.hbsstg.org,lnelligan
moconnor@mba2027stg.hbsstg.org,moconnor
toleary@mba2027stg.hbsstg.org,toleary
monserio@mba2027stg.hbsstg.org,monserio
jpaek@mba2027stg.hbsstg.org,jpaek
tpelucchi@mba2027stg.hbsstg.org,tpelucchi
cphuong@mba2027stg.hbsstg.org,cphuong
spramanick@mba2027stg.hbsstg.org,spramanick
lraja@mba2027stg.hbsstg.org,lraja
jravenna@mba2027stg.hbsstg.org,jravenna
jreed@mba2027stg.hbsstg.org,jreed
drobbins@mba2027stg.hbsstg.org,drobbins
trogers@mba2027stg.hbsstg.org,trogers
jroper@mba2027stg.hbsstg.org,jroper
prusmintratip@mba2027stg.hbsstg.org,prusmintratip
tsanders@mba2027stg.hbsstg.org,tsanders
jsatirocoelho@mba2027stg.hbsstg.org,jsatirocoelho
nscott@mba2027stg.hbsstg.org,nscott
gserwald@mba2027stg.hbsstg.org,gserwald
rshah@mba2027stg.hbsstg.org,rshah
sashah@mba2027stg.hbsstg.org,sashah
ansingh@mba2027stg.hbsstg.org,ansingh
ishsingh@mba2027stg.hbsstg.org,ishsingh
esmith@mba2027stg.hbsstg.org,esmith
asoufaih@mba2027stg.hbsstg.org,asoufaih
dsuh@mba2027stg.hbsstg.org,dsuh
rtanganco@mba2027stg.hbsstg.org,rtanganco
rthompson@mba2027stg.hbsstg.org,rthompson
atraperomartin@mba2027stg.hbsstg.org,atraperomartin
jviera@mba2027stg.hbsstg.org,jviera
awaghmare@mba2027stg.hbsstg.org,awaghmare
sewang@mba2027stg.hbsstg.org,sewang
jwilkes@mba2027stg.hbsstg.org,jwilkes
gwu@mba2027stg.hbsstg.org,gwu
hyokoyama@mba2027stg.hbsstg.org,hyokoyama
tyung@mba2027stg.hbsstg.org,tyung
mzamskoy@mba2027stg.hbsstg.org,mzamskoy
cizhang@mba2027stg.hbsstg.org,cizhang
yalizada@mba2027stg.hbsstg.org,yalizada
callen@mba2027stg.hbsstg.org,callen
damin@mba2027stg.hbsstg.org,damin
aantoniewicz@mba2027stg.hbsstg.org,aantoniewicz
maoun@mba2027stg.hbsstg.org,maoun
mattique@mba2027stg.hbsstg.org,mattique
lbailey@mba2027stg.hbsstg.org,lbailey
sbell@mba2027stg.hbsstg.org,sbell
ebertocco@mba2027stg.hbsstg.org,ebertocco
mbogaev@mba2027stg.hbsstg.org,mbogaev
abouvier@mba2027stg.hbsstg.org,abouvier
zbrothers@mba2027stg.hbsstg.org,zbrothers
jcampana@mba2027stg.hbsstg.org,jcampana
acecilia@mba2027stg.hbsstg.org,acecilia
acesar@mba2027stg.hbsstg.org,acesar
echalamalla@mba2027stg.hbsstg.org,echalamalla
achey@mba2027stg.hbsstg.org,achey
dcorprew@mba2027stg.hbsstg.org,dcorprew
adaniluk@mba2027stg.hbsstg.org,adaniluk
cdavis@mba2027stg.hbsstg.org,cdavis
cdelrosario@mba2027stg.hbsstg.org,cdelrosario
odeng@mba2027stg.hbsstg.org,odeng
cdiab@mba2027stg.hbsstg.org,cdiab
sdoshi@mba2027stg.hbsstg.org,sdoshi
vespaillat@mba2027stg.hbsstg.org,vespaillat
mestruch@mba2027stg.hbsstg.org,mestruch
eevans@mba2027stg.hbsstg.org,eevans
cfang@mba2027stg.hbsstg.org,cfang
rfarah@mba2027stg.hbsstg.org,rfarah
hfish@mba2027stg.hbsstg.org,hfish
kfitzgerald@mba2027stg.hbsstg.org,kfitzgerald
mgalbreath@mba2027stg.hbsstg.org,mgalbreath
sgao@mba2027stg.hbsstg.org,sgao
agarcia@mba2027stg.hbsstg.org,agarcia
mgarrido@mba2027stg.hbsstg.org,mgarrido
jgatot@mba2027stg.hbsstg.org,jgatot
mgrela@mba2027stg.hbsstg.org,mgrela
ggueorguiev@mba2027stg.hbsstg.org,ggueorguiev
cgupta@mba2027stg.hbsstg.org,cgupta
rgupta@mba2027stg.hbsstg.org,rgupta
mheijer@mba2027stg.hbsstg.org,mheijer
dhernandez@mba2027stg.hbsstg.org,dhernandez
mkhan@mba2027stg.hbsstg.org,mkhan
mkitsios@mba2027stg.hbsstg.org,mkitsios
bko@mba2027stg.hbsstg.org,bko
adakumar@mba2027stg.hbsstg.org,adakumar
pkurzner@mba2027stg.hbsstg.org,pkurzner
dlarsen@mba2027stg.hbsstg.org,dlarsen
plawrence@mba2027stg.hbsstg.org,plawrence
plevins@mba2027stg.hbsstg.org,plevins
rliu@mba2027stg.hbsstg.org,rliu
dmaheshwari@mba2027stg.hbsstg.org,dmaheshwari
mmaheshwari@mba2027stg.hbsstg.org,mmaheshwari
amaloney@mba2027stg.hbsstg.org,amaloney
jmarx@mba2027stg.hbsstg.org,jmarx
jmceleney@mba2027stg.hbsstg.org,jmceleney
lmejia@mba2027stg.hbsstg.org,lmejia
dmellow@mba2027stg.hbsstg.org,dmellow
imendonca@mba2027stg.hbsstg.org,imendonca
emenser@mba2027stg.hbsstg.org,emenser
gmessinger@mba2027stg.hbsstg.org,gmessinger
amizrahi@mba2027stg.hbsstg.org,amizrahi
emoore@mba2027stg.hbsstg.org,emoore
vmurphy@mba2027stg.hbsstg.org,vmurphy
nng@mba2027stg.hbsstg.org,nng
gnickel@mba2027stg.hbsstg.org,gnickel
ynigam@mba2027stg.hbsstg.org,ynigam
sobrien@mba2027stg.hbsstg.org,sobrien
lopeodu@mba2027stg.hbsstg.org,lopeodu
coshotse@mba2027stg.hbsstg.org,coshotse
spalit@mba2027stg.hbsstg.org,spalit
jepark@mba2027stg.hbsstg.org,jepark
aqi@mba2027stg.hbsstg.org,aqi
srapuano@mba2027stg.hbsstg.org,srapuano
rriaz@mba2027stg.hbsstg.org,rriaz
rsagar@mba2027stg.hbsstg.org,rsagar
ksimpson@mba2027stg.hbsstg.org,ksimpson
jsong@mba2027stg.hbsstg.org,jsong
rspurling@mba2027stg.hbsstg.org,rspurling
jsteffy@mba2027stg.hbsstg.org,jsteffy
atagnon@mba2027stg.hbsstg.org,atagnon
ttakeshita@mba2027stg.hbsstg.org,ttakeshita
ctea@mba2027stg.hbsstg.org,ctea
ctully@mba2027stg.hbsstg.org,ctully
kvasconcellos@mba2027stg.hbsstg.org,kvasconcellos
sviswanathan@mba2027stg.hbsstg.org,sviswanathan
auwang@mba2027stg.hbsstg.org,auwang
cweathers@mba2027stg.hbsstg.org,cweathers
jwitkowska@mba2027stg.hbsstg.org,jwitkowska
txu@mba2027stg.hbsstg.org,txu
yyan@mba2027stg.hbsstg.org,yyan
szaroubin@mba2027stg.hbsstg.org,szaroubin
czhou@mba2027stg.hbsstg.org,czhou
mziegeler@mba2027stg.hbsstg.org,mziegeler
wshih@hbs.edu,wshih
aaggarwal@mba2027stg.hbsstg.org,aaggarwal
aaguilar@mba2027stg.hbsstg.org,aaguilar
slam@mba2027stg.hbsstg.org,slam
camaechi@mba2027stg.hbsstg.org,camaechi
zargo@mba2027stg.hbsstg.org,zargo
jbloom@mba2027stg.hbsstg.org,jbloom
abrostella@mba2027stg.hbsstg.org,abrostella
ebuerger@mba2027stg.hbsstg.org,ebuerger
cburk@mba2027stg.hbsstg.org,cburk
tcampbell@mba2027stg.hbsstg.org,tcampbell
achaudhry@mba2027stg.hbsstg.org,achaudhry
ccoombs@mba2027stg.hbsstg.org,ccoombs
adambrosio@mba2028.hbs.edu,adambrosio
bdaniel@mba2027stg.hbsstg.org,bdaniel
sdhakal@mba2027stg.hbsstg.org,sdhakal
kdharmadhikari@mba2027stg.hbsstg.org,kdharmadhikari
sdhawan@mba2027stg.hbsstg.org,sdhawan
gdong@mba2027stg.hbsstg.org,gdong
meytan@mba2027stg.hbsstg.org,meytan
mfarber@mba2027stg.hbsstg.org,mfarber
mfeder@mba2027stg.hbsstg.org,mfeder
jfischman@mba2027stg.hbsstg.org,jfischman
sfouda@mba2027stg.hbsstg.org,sfouda
egazit@mba2027stg.hbsstg.org,egazit
ughosh@mba2027stg.hbsstg.org,ughosh
sgottlieb@mba2027stg.hbsstg.org,sgottlieb
jgumila@mba2027stg.hbsstg.org,jgumila
ehaider@mba2027stg.hbsstg.org,ehaider
thalder@mba2027stg.hbsstg.org,thalder
wharris@mba2027stg.hbsstg.org,wharris
ahass@mba2027stg.hbsstg.org,ahass
yhayashi@mba2027stg.hbsstg.org,yhayashi
hheneveld@mba2027stg.hbsstg.org,hheneveld
dhenry@mba2027stg.hbsstg.org,dhenry
chodgetts@mba2027stg.hbsstg.org,chodgetts
yjassim@mba2027stg.hbsstg.org,yjassim
kjiang@mba2027stg.hbsstg.org,kjiang
ckapoor@mba2027stg.hbsstg.org,ckapoor
akelloggpeeler@mba2027stg.hbsstg.org,akelloggpeeler
pkiesel@mba2027stg.hbsstg.org,pkiesel
ckliebenstein@mba2027stg.hbsstg.org,ckliebenstein
adikumar@mba2027stg.hbsstg.org,adikumar
alanger@mba2027stg.hbsstg.org,alanger
alee@mba2027stg.hbsstg.org,alee
slei@mba2027stg.hbsstg.org,slei
jeli@mba2027stg.hbsstg.org,jeli
dlin@mba2027stg.hbsstg.org,dlin
soliu@mba2027stg.hbsstg.org,soliu
flucas@mba2027stg.hbsstg.org,flucas
jmaroni@mba2027stg.hbsstg.org,jmaroni
rmccutcheon@mba2027stg.hbsstg.org,rmccutcheon
lmcewan@mba2027stg.hbsstg.org,lmcewan
emendozasemidey@mba2027stg.hbsstg.org,emendozasemidey
snagpure@mba2027stg.hbsstg.org,snagpure
cnelsonarzuaga@mba2027stg.hbsstg.org,cnelsonarzuaga
nnguyen@mba2027stg.hbsstg.org,nnguyen
cnwangele@mba2027stg.hbsstg.org,cnwangele
fnyaga@mba2027stg.hbsstg.org,fnyaga
noriol@mba2027stg.hbsstg.org,noriol
dpalleiko@mba2027stg.hbsstg.org,dpalleiko
yopark@mba2027stg.hbsstg.org,yopark
kpatarapak@mba2027stg.hbsstg.org,kpatarapak
spolsky@mba2027stg.hbsstg.org,spolsky
epompeo@mba2027stg.hbsstg.org,epompeo
cqiu@mba2027stg.hbsstg.org,cqiu
draza@mba2027stg.hbsstg.org,draza
vrobertson@mba2027stg.hbsstg.org,vrobertson
ksameh@mba2027stg.hbsstg.org,ksameh
hsattineni@mba2027stg.hbsstg.org,hsattineni
eschmidt@mba2027stg.hbsstg.org,eschmidt
jschuster@mba2027stg.hbsstg.org,jschuster
nschwartz@mba2027stg.hbsstg.org,nschwartz
jsevilla@mba2027stg.hbsstg.org,jsevilla
mshiferaw@mba2027stg.hbsstg.org,mshiferaw
dsikri@mba2027stg.hbsstg.org,dsikri
lsilvaneto@mba2027stg.hbsstg.org,lsilvaneto
ashsingh@mba2027stg.hbsstg.org,ashsingh
hsinha@mba2027stg.hbsstg.org,hsinha
tismith@mba2027stg.hbsstg.org,tismith
nsteinert@mba2027stg.hbsstg.org,nsteinert
psubramaniam@mba2027stg.hbsstg.org,psubramaniam
msundin@mba2027stg.hbsstg.org,msundin
bsuri@mba2027stg.hbsstg.org,bsuri
cterens@mba2027stg.hbsstg.org,cterens
rtolosa@mba2027stg.hbsstg.org,rtolosa
ctrousdale@mba2027stg.hbsstg.org,ctrousdale
wurdan@mba2027stg.hbsstg.org,wurdan
fvandeputte@mba2027stg.hbsstg.org,fvandeputte
lvarela@mba2027stg.hbsstg.org,lvarela
pwalia@mba2027stg.hbsstg.org,pwalia
angwang@mba2027stg.hbsstg.org,angwang
kwong@mba2027stg.hbsstg.org,kwong
ayokoi@mba2027stg.hbsstg.org,ayokoi
cyu@mba2027stg.hbsstg.org,cyu
kzhao@mba2027stg.hbsstg.org,kzhao
